text,source,annotator_1_label_x,annotator_2_label_x,annotator_3_label_x,annotator_4_label_x,annotator_5_label_x,annotator_1_label_y,annotator_2_label_y,annotator_3_label_y,annotator_4_label_y,annotator_5_label_y,annotator_1_label,annotator_2_label,annotator_3_label,annotator_4_label,annotator_5_label,OAG,NAG,CAG
and we shud also destroy taj mahal... qutub minar ....laal qila aftr that visiters seen only GBRoad vd hvng a fun vd ur neighbours,Trac1,0.0,1.0,0.0,0.0,1.0,,,,,,,,,,,,,1.0
Project pay is just a soft ass little bitch.,DavidsonOFF,1.0,1.0,1.0,0.0,1.0,,,,,,,,,,,,,
@tiffantasticc your dad is genuine happy guy because his kids aren't niggers though &#128532; jimmy is my nigga 5eva,DavidsonHS,1.0,1.0,1.0,1.0,0.0,,,,,,,,,,,,,
"Now India will start striking back through Twitter haha. Bring Antony back to the position if you people are incapable, he was not an extremist by nature but surely a man of action not words like you people. 56 inch, 1 surgical strike like the end of pakistan haha only good for publicity.",Trac1,0.0,0.0,1.0,1.0,0.0,,,,,,,,,,,,1.0,
"Now India will start striking back through Twitter haha. Bring Antony back to the position if you people are incapable, he was not an extremist by nature but surely a man of action not words like you people. 56 inch, 1 surgical strike like the end of pakistan haha only good for publicity.",Trac1,0.0,0.0,1.0,1.0,0.0,,,,,,,,,,,,,1.0
"Now India will start striking back through Twitter haha. Bring Antony back to the position if you people are incapable, he was not an extremist by nature but surely a man of action not words like you people. 56 inch, 1 surgical strike like the end of pakistan haha only good for publicity.",Trac1,0.0,0.0,1.0,1.0,0.0,,,,,,,,,,,,,1.0
"Now India will start striking back through Twitter haha. Bring Antony back to the position if you people are incapable, he was not an extremist by nature but surely a man of action not words like you people. 56 inch, 1 surgical strike like the end of pakistan haha only good for publicity.",Trac1,0.0,0.0,1.0,1.0,0.0,,,,,,,,,,,1.0,,
Early bird gets the worm! &#128027;&#128036;,DavidsonHS,1.0,0.0,0.0,0.0,0.0,,,,,,,,,,,,,
@thejournalist44 best O-Lineman is a rookie. It's him and a bunch of retards I wouldn't trust with a potato gun.,DavidsonOFF,0.0,1.0,0.0,0.0,0.0,,,,,,,,,,,,,
Useless,Trac1,0.0,0.0,1.0,1.0,0.0,,,,,,,,,,,1.0,,
Useless,Trac1,0.0,0.0,1.0,1.0,0.0,,,,,,,,,,,,,1.0
RT @BryanHoch: Just 113 days until Yankees pitchers and catchers report.,DavidsonHS,0.0,1.0,0.0,0.0,0.0,,,,,,,,,,,,,
"Correct, Dead is dead. There are, however, leves of wounds, hence the emphasis when they are serious. This is not a POV adjective.",Toxkaggle,0.0,1.0,1.0,0.0,1.0,,,,,,,,,,,,,
#WestVirginia is full of white trash.,DavidsonHS,0.0,1.0,1.0,0.0,0.0,,,,,,,,,,,,,
RT @juicygenie: @thotpockets fat bitches that think they cute,DavidsonOFF,1.0,0.0,1.0,1.0,1.0,,,,,,,,,,,,,
Waiting on this wetback sycksyllables http://t.co/L8wqZduzZE,DavidsonHS,0.0,0.0,0.0,1.0,1.0,,,,,,,,,,,,,
"""@MLBNetwork: Stay tuned to @MLBNetwork for an update on the report that @Yankees 1B @teixeiramark25 will be out 8-10 weeks"" @dliming35 #bum",DavidsonHS,0.0,0.0,0.0,0.0,0.0,,,,,,,,,,,,,
Its tons of porn with unlimited  assess thro mobile ...,Trac1,1.0,1.0,0.0,0.0,0.0,,,,,,,,,,,,1.0,
"more training, less Wiki please 

and take care of your knee, please.",Toxkaggle,0.0,1.0,1.0,0.0,0.0,,,,,,,,,,,,,
Hood niggas and bitches love emojis lmfao,DavidsonHS,0.0,1.0,1.0,1.0,0.0,,,,,,,,,,,,,
I think this IP address has been blocked. I'm unable to make any (constructive) edits to any articles. Grr! I hate when trolls use transparent proxies and get the rest of us (legitimate) users blocked.,Toxkaggle,0.0,1.0,0.0,0.0,0.0,,,,,,,,,,,,,
And now they say doctors should not be beaten up,Trac1,0.0,0.0,0.0,0.0,0.0,,,,,,,,,,,1.0,,
Lol modi is being vompared to pappu now ..didnt expect thatüòÇ,Trac1,0.0,0.0,1.0,1.0,1.0,,,,,,,,,,,1.0,,
"i want to now about elantas back & ksl, & what is the target in 3 months",Trac1,0.0,1.0,0.0,1.0,0.0,,,,,,,,,,,,1.0,
"&#8220;@dnumberbefore2: &#8220;@Vice504fly: @dnumberbefore2 u a regular nig, u played out b&#8221; lol ima b Ig famous&#8221;these days that counts for somethin",DavidsonHS,0.0,0.0,0.0,1.0,0.0,,,,,,,,,,,,,
PENIS ASSOCIATION OF AMERICA,Toxkaggle,1.0,1.0,0.0,1.0,0.0,,,,,,,,,,,,,
"Get a fucking life, and stop chaining my page.",Toxkaggle,0.0,1.0,0.0,1.0,1.0,,,,,,,,,,,,,
RT @MANIAC3X: @NotoriousBM95 @Woody_AFC @_WhitePonyJr_ @santi_4l @Bamoose12 start crying and stalking him faggot. I want to laff,DavidsonHS,1.0,1.0,0.0,0.0,0.0,,,,,,,,,,,,,
"I would appreciate if you could use more courtoisie when editing. The edit summaries  here and here denigrate me as a fellow editor. We may disagree as much as we wish content-wise, but please keep it civilized. I would also appreciate if you could please not revert anymore. Something bothers you: use the talk page to clarify the misunderstanding, please. \talk",Toxkaggle,0.0,0.0,0.0,0.0,1.0,,,,,,,,,,,,,
Guys any good stock which will be benefitted from digitisation.,Trac1,0.0,1.0,0.0,0.0,0.0,,,,,,,,,,,,1.0,
&#8220;@trayn1gga: Charlie Strong WILL have Texas back as a power&#8221; better power of big 12 is anybody's now,DavidsonOFF,0.0,1.0,0.0,0.0,0.0,,,,,,,,,,,,,
RT @BadAdviceDog: when you look like trash and someone compliments you http://t.co/RRQzsYM4tY,DavidsonOFF,0.0,1.0,1.0,0.0,0.0,,,,,,,,,,,,,
"RT @UrbanEngIish: When your phone goes off in class and the teacher says ""turn that trash off"" but its a song from your mixtape = https://t&#8230;",DavidsonOFF,1.0,1.0,0.0,1.0,0.0,,,,,,,,,,,,,
Me &amp; hubby relaxing from the studio for a lil...then headed str8 to my honey doo wop wops bday bash Kristen... http://t.co/FOnJOFdzJC,DavidsonHS,0.0,0.0,0.0,0.0,0.0,,,,,,,,,,,,,
RT @BigMac6374: I don't like the weather right now it's scaring me lol why is it yellow?,DavidsonHS,0.0,0.0,0.0,0.0,0.0,,,,,,,,,,,,,
@McSheeti means trash lol,DavidsonOFF,0.0,1.0,0.0,1.0,0.0,,,,,,,,,,,,,
"""

 Disscussions with DMacks 

oth have understanding difficulty's.OneMadScientist (talk) 
I am talking about your behavior...we are all responsible for what we ourselves do, even if we feel provoked by others. It's a great test of one's strength to recognize when to help raise the level of discussion rather than inflaming tense situations. Your edits were explicitly written to insult a person rather than as constructive criticism of specific actions, and you even said you were trying to undo your previous steps towards repairing the destructive atmosphere here. That's all forbidden. Period. No """"but he said..."""" or """"I'm just proving I was right all along"""". What are your personal intents for being a Wikipedia editor? If it's to improve wikipedia articles, then go do so now and stop wasting everyone's time with discussions about your previous battles. If it is anything else, including trying to school others in morality or your sense of religious obligation, no...this website it not for you. DMacks (talk) 

@DMacks WELL - I'am talking about your, and Plasmic Physics's behavior and responsibility around here and maybe this website it not for you.
You Would Do well Take your own advice DMacks. Is there not a word for describing the lack of following one's own advice (rules) which I have been condemned for using. Oh, yes now I remember, It is (hypocrite).
And I was Beginning to think you had realized YOUR errors in regards to YOUR application of YOUR """"Obligations"""" as a Wikipedia """"morality code"""" enforcer and understood my very significant and valid arguments.
Specifically for now -
In regards to YOUR choice!!(and the actual definition) of what exactly constitutes a personal attack around here. And the objectivity by which it is applied and the selective abuse of its application by YOU in particular.
You are now bringing up the very important point that I would Have Very Much desired to take up with you in your absence.
I am sorry, I mistook your silence for understanding on your behalf.
I contend that you have failed miserably in the """"great test of one's strength to recognize when to help raise the level of discussion rather than inflaming tense situations"""" and should have known better given your display of """"apparent"""" authority.
I contend that (In This issue with Plasmic Physics - which you had been following from the start, at least) that after my initial """"transgressions"""" and subsequent overly profuse apologies, was being very polite and civil.
I was then was the subject of an Obvious personal attack from Plasmic Physics, who was my initial accuser!! in the very first instance (again NOT taking ones own advice!!).
His remarks which OBVIOUSLY """"were explicitly written to insult a person (me) rather than as constructive criticism of specific actions"""" and contained no factual justification.
My response contained words and statements that were correctly and appropriately describing (with civil English words) the FACTS in relation to nature of his personal attacks on me.
In my attempt to obtain an apology from him, while Lacking any support against his attack, you decided to label me the transgressor, but not him.
You appear to be very negligent and biased acting in your """"appointed role here???"""" to say the least, if not totally malicious.
I contend that your obviously biased behavior should preclude you from further involvement in any """"moral code violation"""" disciplinary action, let alone this specific one.
This is for starters in addressing your negative comments about me.
I hope I have I made this point clear to YOU now!  
OneMadScientist (talk) 
I would appreciate and DESERVE an apology from both of you but I can see that is unlikely. If not Please don't waste my time any longer with YOUR """"attempts"""" at trying justify either your or Plasma Physics transgressions toward me or bother me any longer about this issue and I SHALL LEAVE YOU ALONE and seek others here who deserve my considerate attention. It appears that you two obviously should get along well together!.""",Toxkaggle,0.0,0.0,0.0,0.0,0.0,,,,,,,,,,,,,
"Notable Players
Should Zack Mills really be listed with the notable players?  He didn't even play a game.  WeatherManNX01 

Rewrite
I have added a lot of information to expand the article.  However, by no means is this perfect (of course).  I don't have the best writing style for an encyclopedia, so feel free to make edits.  I have all of my research, so if there's something that needs added or or cited, or anything like that, just let me know.  This article can be a decent one with a little work and effort. WeatherManNX01",Toxkaggle,0.0,0.0,0.0,0.0,0.0,,,,,,,,,,,,,
@section90sSoul yall defense too trash for that &#128514;&#128514;&#128514;,DavidsonOFF,1.0,1.0,0.0,0.0,0.0,,,,,,,,,,,,,
RT @iMDatDudeFish: &#128514;&#128514;&#128514;&#128514; RT @VivaLaKash: #ThotGoals .. RT @LessonswithKate: I wanna learn how to jigg really good so I can be in the circle.,DavidsonHS,0.0,0.0,1.0,0.0,0.0,,,,,,,,,,,,,
"It's you who is doing original research by sucking dick of allmovie and not giving sources to why IB is an adventure film, Schindler's List was a man on a mission to save the jaws, is it an adventure film cocksucker? 201.68.139.99",Toxkaggle,0.0,1.0,1.0,1.0,1.0,,,,,,,,,,,,,
"With the Premier League in the bag, Antonio Conte has now won the league title in his last four seasons as a club manager.",Trac1,0.0,0.0,0.0,1.0,0.0,,,,,,,,,,,,1.0,
Can I double stuff your Oreo?,DavidsonHS,0.0,0.0,0.0,1.0,0.0,,,,,,,,,,,,,
I have no clothes that make me look like a redneck but I tried my best &#128514;,DavidsonHS,0.0,0.0,0.0,1.0,0.0,,,,,,,,,,,,,
"Also it isnt very neutral nor does it explain his Hindu inclined religious behaviour ie sati, his handing over of the Sikh gurdwaras to brahman authorities etc",Toxkaggle,0.0,1.0,0.0,0.0,1.0,,,,,,,,,,,,,
Man you are seriously fucking retarded. Did you write those shitty articles yourself?,Toxkaggle,0.0,1.0,1.0,1.0,1.0,,,,,,,,,,,,,
"These are all the dirty deeds of Terrorists who guise themselves as Muslims.  Islam has been hijacked by the Wahabi Salafis to demonise its good name so that Muslims are hated all over the world.  And dont forget the role convincingly played by the international media to pour salt on the gaping wounds caused by all these atrocities on mankind, and Muslims themselves among the highest victims, in Afghanistan, Iraq, Libya, Syria, Yemen and many in African countries.  These facts explains that these terrorists are not Muslims (in the real sense of the word) but paid proxy armies, nurtured, protected, assisted bt the greatest Terrorists the world has ever seen - Israel, America and GB.
This is the truth, the absolute   truth only known by knowledgeable people. We are all being taken for a long windy ride to make the world believe what  what they want us to believe.  Unfortunately a huge percentage of the world's population took the bait, hook, line and sinker.",Trac1,1.0,1.0,1.0,0.0,0.0,,,,,,,,,,,1.0,,
"Buy gold/gold mining stocks that's the only way to financially benefit from this event. I have already put in my order üôèüèº
I already bought MMTC.
Gold will rally to $1500 on back of Trump election",Trac1,0.0,0.0,1.0,0.0,0.0,,,,,,,,,,,,1.0,
"Buy gold/gold mining stocks that's the only way to financially benefit from this event. I have already put in my order üôèüèº
I already bought MMTC.
Gold will rally to $1500 on back of Trump election",Trac1,0.0,0.0,1.0,0.0,0.0,,,,,,,,,,,,1.0,
@k_tempsss lol then they have one more flavor I think it's yellow idk.. But yea there bomb.,DavidsonOFF,0.0,1.0,1.0,1.0,0.0,,,,,,,,,,,,,
"""

New Award

Well Done!!!

  The IAmTheCoinMan You Are Really Annoying And You Are Good At Anti-Vandalism Barnstar I, , award you the The IAmTheCoinMan You Are Really Annoying And You Are Good At Anti-Vandalism Barnstar for your multiple prompt reverts to my joke.  Protecting the wiki isn't important, and an unimportant task under that is protecting other wikipedians!  Your efforts are much much not appreciated.  I hope someone cuts of your hands! """,Toxkaggle,0.0,1.0,1.0,0.0,1.0,,,,,,,,,,,,,
Good pick birds,DavidsonHS,0.0,0.0,1.0,0.0,0.0,,,,,,,,,,,,,
"BKBKBKBK
IM SOOO SORRY FOR SAYIN THOSE NAUGHTY WORDS TO YOU. I JUST HAVE ONE MORE THING TO SAY.

FUCKK YOU ASSWHOLE BITCH NIGGER CUNT PUSSY ASS DICKFACE DIPSHIT DOUCHEBAG SLUT WHORE SHITTY WIGGER!!!
O YEA DID I MENTION
FUCKK YOU ASSWHOLE BITCH NIGGER CUNT PUSSY ASS DICKFACE DIPSHIT DOUCHEBAG SLUT WHORE SHITTY WIGGER!!!
FUCKK YOU ASSWHOLE BITCH NIGGER CUNT PUSSY ASS DICKFACE DIPSHIT DOUCHEBAG SLUT WHORE SHITTY WIGGER!!!
FUCKK YOU ASSWHOLE BITCH NIGGER CUNT PUSSY ASS DICKFACE DIPSHIT DOUCHEBAG SLUT WHORE SHITTY WIGGER!!!
FUCKK YOU ASSWHOLE BITCH NIGGER CUNT PUSSY ASS DICKFACE DIPSHIT DOUCHEBAG SLUT WHORE SHITTY WIGGER!!!
FUCKK YOU ASSWHOLE BITCH NIGGER CUNT PUSSY ASS DICKFACE DIPSHIT DOUCHEBAG SLUT WHORE SHITTY WIGGER!!!
FUCKK YOU ASSWHOLE BITCH NIGGER CUNT PUSSY ASS DICKFACE DIPSHIT DOUCHEBAG SLUT WHORE SHITTY WIGGER!!!
FUCKK YOU ASSWHOLE BITCH NIGGER CUNT PUSSY ASS DICKFACE DIPSHIT DOUCHEBAG SLUT WHORE SHITTY WIGGER!!!
FUCKK YOU ASSWHOLE BITCH NIGGER CUNT PUSSY ASS DICKFACE DIPSHIT DOUCHEBAG SLUT WHORE SHITTY WIGGER!!!
FUCKK YOU ASSWHOLE BITCH NIGGER CUNT PUSSY ASS DICKFACE DIPSHIT DOUCHEBAG SLUT WHORE SHITTY WIGGER!!!
FUCKK YOU ASSWHOLE BITCH NIGGER CUNT PUSSY ASS DICKFACE DIPSHIT DOUCHEBAG SLUT WHORE SHITTY WIGGER!!!FUCKK YOU ASSWHOLE BITCH NIGGER CUNT PUSSY ASS DICKFACE DIPSHIT DOUCHEBAG SLUT WHORE SHITTY WIGGER!!!
FUCKK YOU ASSWHOLE BITCH NIGGER CUNT PUSSY ASS DICKFACE DIPSHIT DOUCHEBAG SLUT WHORE SHITTY WIGGER!!!
FUCKK YOU ASSWHOLE BITCH NIGGER CUNT PUSSY ASS DICKFACE DIPSHIT DOUCHEBAG SLUT WHORE SHITTY WIGGER!!!
FUCKK YOU ASSWHOLE BITCH NIGGER CUNT PUSSY ASS DICKFACE DIPSHIT DOUCHEBAG SLUT WHORE SHITTY WIGGER!!!
FUCKK YOU ASSWHOLE BITCH NIGGER CUNT PUSSY ASS DICKFACE DIPSHIT DOUCHEBAG SLUT WHORE SHITTY WIGGER!!!
FUCKK YOU ASSWHOLE BITCH NIGGER CUNT PUSSY ASS DICKFACE DIPSHIT DOUCHEBAG SLUT WHORE SHITTY WIGGER!!!
FUCKK YOU ASSWHOLE BITCH NIGGER CUNT PUSSY ASS DICKFACE DIPSHIT DOUCHEBAG SLUT WHORE SHITTY WIGGER!!!
FUCKK YOU ASSWHOLE BITCH NIGGER CUNT PUSSY ASS DICKFACE DIPSHIT DOUCHEBAG SLUT WHORE SHITTY WIGGER!!!
FUCKK YOU ASSWHOLE BITCH NIGGER CUNT PUSSY ASS DICKFACE DIPSHIT DOUCHEBAG SLUT WHORE SHITTY WIGGER!!!
FUCKK YOU ASSWHOLE BITCH NIGGER CUNT PUSSY ASS DICKFACE DIPSHIT DOUCHEBAG SLUT WHORE SHITTY WIGGER!!!
FUCKK YOU ASSWHOLE BITCH NIGGER CUNT PUSSY ASS DICKFACE DIPSHIT DOUCHEBAG SLUT WHORE SHITTY WIGGER!!!
FUCKK YOU ASSWHOLE BITCH NIGGER CUNT PUSSY ASS DICKFACE DIPSHIT DOUCHEBAG SLUT WHORE SHITTY WIGGER!!!

COLLEGE POINT MUTHAFCKER!!!!!!!!!!",Toxkaggle,1.0,1.0,1.0,0.0,0.0,,,,,,,,,,,,,
Some niggah said sugapuss to me lastnight &#128569;&#128569;&#128569;,DavidsonOFF,0.0,1.0,1.0,1.0,0.0,,,,,,,,,,,,,
"&#8220;@CMRE24 wasn&#8217;t that great to me either RT @Ahki117: ""Equalizer"" was trash Denzel officially washed bruh&#8221;neither was flight",DavidsonOFF,0.0,0.0,0.0,1.0,0.0,,,,,,,,,,,,,
Ya n that's why communism has been obileterated from the world,Trac1,0.0,0.0,1.0,1.0,0.0,,,,,,,,,,,,1.0,
Cheers young lady RT @shik702 @BmoreHumble foreverrrr younnnnng *grabs flask and chugs*,DavidsonOFF,1.0,1.0,0.0,0.0,1.0,,,,,,,,,,,,,
@ThatKid_Vicente thanks little bitch &#128526;,DavidsonOFF,1.0,1.0,0.0,0.0,1.0,,,,,,,,,,,,,
People who play #roleplayinggames are human filth and don't deserve the same respect you'd give a mosquito. They're soulless gutter trash.,DavidsonHS,0.0,0.0,0.0,1.0,1.0,,,,,,,,,,,,,
LEAD APR SUSTAIN ABOVE 144 IS IN BUY FOR UPSIDE TGT 156-166-185 OTHERSIDE SUSTAIN BELOW 144 WILL IN SELL CMP 145.80,Trac1,0.0,1.0,0.0,1.0,0.0,,,,,,,,,,,,1.0,
Now it's time to celebrate one more black day again in Karachi...,Trac1,0.0,0.0,1.0,0.0,1.0,,,,,,,,,,,,1.0,
anuj u r amazing keep goingüòä I follow you  every day 8 am onwards,Trac1,1.0,0.0,0.0,0.0,0.0,,,,,,,,,,,,1.0,
Hi StupydBytch Frodesiak. I will always returd. You haven't deleted my 200 articles. Do you need a list to delet them? I can provide you thi list. Shythole,Toxkaggle,0.0,0.0,1.0,0.0,1.0,,,,,,,,,,,,,
@YesseSmith I was born yellow,DavidsonHS,0.0,0.0,0.0,1.0,0.0,,,,,,,,,,,,,
@TheMayorMatt @Frizzle18 I like where ur domes at #smart,DavidsonHS,0.0,0.0,1.0,0.0,0.0,,,,,,,,,,,,,
@kirstynehbu faggot,DavidsonHS,1.0,0.0,1.0,0.0,1.0,,,,,,,,,,,,,
Beautiful Fairy Elegant Dress http://t.co/ouxWbYTUt6,DavidsonHS,0.0,0.0,0.0,0.0,0.0,,,,,,,,,,,,,
RT @halfricannnnn: nigger,DavidsonHS,1.0,1.0,0.0,0.0,1.0,,,,,,,,,,,,,
"Samuell, if you do not want to be the one dead, better proceed as requested. Either that or we'll keep beating!",Toxkaggle,1.0,0.0,0.0,1.0,0.0,,,,,,,,,,,,,
@_lexisperez he ate my pussy i could..,DavidsonOFF,1.0,1.0,1.0,1.0,1.0,,,,,,,,,,,,,
"other people's
Gosh you can't even speak English which you claim to be your mother tongue. Puh-lease.",Toxkaggle,1.0,1.0,1.0,0.0,0.0,,,,,,,,,,,,,
@RPopBox @boxing Yeah he definitely wasn't the same guy who fought Lara but he cuts the ring off well which should be a huge boon to Canelo,DavidsonHS,0.0,0.0,0.0,1.0,0.0,,,,,,,,,,,,,
just noticed some trash on my notification page i had to clean up,DavidsonOFF,1.0,1.0,0.0,0.0,0.0,,,,,,,,,,,,,
Where is the outrage for deaths of our Jawans? Where are offers of bangles for PM by BJP MPs? Or don't they care now that they are in Govt?,Trac1,0.0,0.0,0.0,1.0,1.0,,,,,,,,,,,1.0,,
Drama man,Trac1,0.0,1.0,0.0,0.0,1.0,,,,,,,,,,,,,1.0
"Support - The Whirlygirl article is a redirect to this page, and there is no article with a similar name, without being a redirect page.",Toxkaggle,0.0,0.0,1.0,0.0,0.0,,,,,,,,,,,,,
"Twitters little blue birds name is Larry, after Celtics, ISU Larry Bird, stick ticker is $TWTR.",DavidsonHS,0.0,0.0,1.0,1.0,0.0,,,,,,,,,,,,,
Don't loose to these gundas who rules us!,Trac1,1.0,1.0,1.0,1.0,0.0,,,,,,,,,,,,,1.0
"@Misplaced_Momma 
Y&#8217;all whitey gots to PAY fo da preparations",DavidsonHS,0.0,1.0,1.0,0.0,0.0,,,,,,,,,,,,,
"You're a stupid cunt 

Fuck you dumb arse, your mum has a hairy cunt and I hope and pray that you die, no, fuck that, I wish you would die, if I had three wishes, one of them would be to have you dead, and the others would be so that everyone you knew hated your cunt like face.",Toxkaggle,1.0,1.0,1.0,1.0,1.0,,,,,,,,,,,,,
RT @SuckMy_John_Son: #VolNation bitch,DavidsonOFF,0.0,1.0,1.0,1.0,0.0,,,,,,,,,,,,,
"I'm not dating anyone right now, I'm giving my pussy a brake.",DavidsonOFF,0.0,1.0,1.0,1.0,0.0,,,,,,,,,,,,,
There you go acting like a hoe &#128530;,DavidsonOFF,0.0,1.0,0.0,1.0,0.0,,,,,,,,,,,,,
Uou made a mistake,Trac1,0.0,1.0,0.0,0.0,0.0,,,,,,,,,,,,1.0,
"bastard 

why do you hate jonathan pacheco...you dick!",Toxkaggle,1.0,1.0,0.0,0.0,1.0,,,,,,,,,,,,,
@Pete_OR i prefer zebra visually. Didn't know about lesser costs.,DavidsonOFF,0.0,1.0,0.0,1.0,0.0,,,,,,,,,,,,,
This types  of man most punished as per law of IPC,Trac1,0.0,0.0,1.0,0.0,1.0,,,,,,,,,,,,1.0,
You are pro muslim pig,Trac1,1.0,1.0,1.0,1.0,1.0,,,,,,,,,,,1.0,,
@Im_Thirst randies are fags,DavidsonHS,0.0,1.0,1.0,1.0,0.0,,,,,,,,,,,,,
HOW many dreams are destroyed because of this fucking IIT,Trac1,1.0,0.0,1.0,1.0,1.0,,,,,,,,,,,1.0,,
"Everyday this indian hyenas  kill our citizens in Bangladesh india borders.They kill farmers children whenever they want.But our hijra BDR and hijra govt.can't do anything.when we BangladeshI heard that some indian dog killed by Pakistani army,our heart  fills with joy.Hurrah! today is party time.",Trac1,1.0,0.0,1.0,1.0,1.0,,,,,,,,,,,1.0,,
"Let us change to T10 format!!! I am sure it has something to do be SRK, since sugar daddy is on the run!!!",Trac1,0.0,0.0,0.0,0.0,0.0,,,,,,,,,,,,,1.0
"I'll leave you alone when you levae me and my talk page alone, you white fuck.",Toxkaggle,1.0,1.0,0.0,0.0,1.0,,,,,,,,,,,,,
Today's Spy Ops: (His soles need a cleaning lick lick. I bet this cuties sneaks smell good) http://t.co/c7Hj3DvNgp,DavidsonOFF,0.0,1.0,0.0,0.0,0.0,,,,,,,,,,,,,
@TheRealCVL and @CoryHolmes24 are faggots. Kbye.,DavidsonHS,1.0,1.0,1.0,1.0,1.0,,,,,,,,,,,,,
A bitch who can't keep a man RT @SoloDahSystem: Which one of you air headed bitches made this? http://t.co/aEMkmikoyf,DavidsonOFF,1.0,0.0,1.0,1.0,1.0,,,,,,,,,,,,,
"Peace fags, just remember I'm best Lux support NA. Drop LustBoy pick me and Kakao up TSM.",DavidsonHS,1.0,0.0,0.0,1.0,1.0,,,,,,,,,,,,,
"@SarahR_82 
Y'all gots to take da colored vacation. Kentucky fried chicken but only da white meat",DavidsonHS,0.0,0.0,1.0,1.0,0.0,,,,,,,,,,,,,
Congo,Trac1,1.0,0.0,0.0,0.0,1.0,,,,,,,,,,,,1.0,
"When I order from the butcher the natural casings, I ask for cow intestines.  Last time I checked, paper was also made from cellulose.  Reverting.  (talk ‚Ä¢ contribs) .",Toxkaggle,0.0,1.0,0.0,1.0,0.0,,,,,,,,,,,,,
"Syed Wajid Ali Shah, you will not know its quite natural becoz u only know abt Kashmiri muslims. You don't know also about the Syrian muslims, the Baluch muslims, the Sind muslims and millions other muslims who are being killed by your own muslims either terrorists or by different tribal muslim fighter groups...",Trac1,1.0,1.0,1.0,0.0,0.0,,,,,,,,,,,,1.0,
I would like to point out that RJII is the only active editor on that article pushing for it to remain in its current form. Three others ( POV warrior who takes advantage of the difficulty in deleting anything on wikipedia to push his own agenda.,Toxkaggle,0.0,0.0,0.0,1.0,0.0,,,,,,,,,,,,,
"HOE 

Your A slut hoe basstatard homo rapeist",Toxkaggle,0.0,1.0,1.0,0.0,1.0,,,,,,,,,,,,,
5SOS is trash,DavidsonOFF,1.0,0.0,0.0,1.0,1.0,,,,,,,,,,,,,
Can I double stuff your Oreo?,DavidsonOFF,0.0,0.0,0.0,1.0,1.0,,,,,,,,,,,,,
That fucking slutty beaner,DavidsonHS,0.0,0.0,1.0,1.0,1.0,,,,,,,,,,,,,
"Oh so it's you who wants the considerable amount of harm then is it? 

You fucking cretin. You seriously think I'm going to stop vandalising just because you block me? I have a MASSIVE range of IPs and you will never block them all. I am never going to stop either. Hahaha 94.2.133.200",Toxkaggle,1.0,1.0,1.0,0.0,1.0,,,,,,,,,,,,,
@NotoriousBM95 @MANIAC3X fucking creepy ass nigguh lmao,DavidsonOFF,1.0,1.0,1.0,0.0,1.0,,,,,,,,,,,,,
"Only Durzis call themselves as unitarians (Muwahhideen) in order to define/strengthen this Tawhid belief, the other even sects does not need this term.",Toxkaggle,0.0,0.0,0.0,0.0,0.0,,,,,,,,,,,,,
Something is very wrong.,Toxkaggle,0.0,0.0,0.0,0.0,0.0,,,,,,,,,,,,,
RT @BroganWebber: Wiz is garbage to be put in the trash can known as Beyonc&#233; to be put in a dumpster known as the VMAs.,DavidsonOFF,1.0,0.0,1.0,1.0,1.0,,,,,,,,,,,,,
take manmohan to usa obama ji,Trac1,1.0,1.0,0.0,0.0,0.0,,,,,,,,,,,,1.0,
Killing in the name of Durga is the new 72 virgins.,Trac1,0.0,1.0,0.0,1.0,1.0,,,,,,,,,,,1.0,,
"Acorn issues 

I was quite disappointed to have the changes I worked on earlier tonight stripped out and the page locked.  I wanted to include the current distress of ACORN and felt I was being careful in connecting relevant news agencies that would validate the issues.  Maybe my wording was less than ideal, but the content I wanted to convey certainly should be attributed to the current and apparently ongoing actions of ACORN.  Please reconsider and possible include the context of the issue more completely.  Thanks",Toxkaggle,0.0,0.0,0.0,1.0,0.0,,,,,,,,,,,,,
"""indicating an autoblock, please follow the instructions.  talk """,Toxkaggle,0.0,0.0,1.0,0.0,0.0,,,,,,,,,,,,,
RT @KianteDevuan_: Beautiful smiles and colored eyes&#128525;,DavidsonOFF,0.0,0.0,0.0,0.0,0.0,,,,,,,,,,,,,
My page should be protected first so that worthless scum like you can't keep vandalizing it.,Toxkaggle,0.0,0.0,1.0,1.0,1.0,,,,,,,,,,,,,
Certainly it is directed to all religions... Curb noise pollution,Trac1,0.0,1.0,0.0,1.0,0.0,,,,,,,,,,,,,1.0
Certainly it is directed to all religions... Curb noise pollution,Trac1,0.0,1.0,0.0,1.0,0.0,,,,,,,,,,,,,1.0
"&#127850; RT @Ms_SadaClay: I love salad RT&#8220;@viaNAWF: Anyway fuck you hoes, eat a salad.&#8221;",DavidsonOFF,0.0,1.0,1.0,0.0,1.0,,,,,,,,,,,,,
bat got doppler ....yoga  to open the third eye ...believe it or not ...eye donation for cnbc tv 18 from commentator( me me ),Trac1,0.0,0.0,1.0,0.0,1.0,,,,,,,,,,,,1.0,
RT @elchavaloko: I can see moose rockin himself back n forth in a corner of n empty room with his faggot hair all in his face sayin 2 himse&#8230;,DavidsonOFF,1.0,0.0,0.0,1.0,1.0,,,,,,,,,,,,,
@marylene58 @sunflower1790 @shelliecorreia @Jan4USA no just a niggress that thinks she's human.,DavidsonHS,0.0,1.0,1.0,1.0,0.0,,,,,,,,,,,,,
bitch said best way to get over a man is to get under another one!!! smh dats ah hoe for u,DavidsonOFF,0.0,1.0,1.0,1.0,1.0,,,,,,,,,,,,,
"If you LIKE #chocolate or #sodapop and you tweet bad about #HappyColumbusDay..............YOU ARE A FUCKIN"" #retard #HYPOCRITE&gt;",DavidsonOFF,1.0,1.0,1.0,0.0,1.0,,,,,,,,,,,,,
"""

 Vandal IP 

Apologies. I'm a bit of a newbie here on some fundamentals of Wikipedia; how do I report? And no offense or anything, but you should try to archive soon. Thanks for your help! Triple M """,Toxkaggle,0.0,0.0,0.0,1.0,0.0,,,,,,,,,,,,,
1 loyal girl &gt; 1OO hoes,DavidsonOFF,,,,,,1.0,1.0,0.0,1.0,1.0,,,,,,,,
@suchy_monster you make me feel all warm and fuzzy inside &#128522; #youCANsitwithus,DavidsonHS,,,,,,0.0,1.0,1.0,1.0,1.0,,,,,,,,
@Meshia_Tweets oh bitch you toooo far!,DavidsonOFF,,,,,,1.0,1.0,1.0,1.0,1.0,,,,,,,,
"""

""""...complex, archaic, convoluted legal language."""" Haha. Will you ever stop making excuses. If you want complex, archaic, convoluted try reading the constantly updated usc. 861. As for making those remarks about Supreme Court cases you are out of line. Wouldn't it be great if wikipedia didn't have biased editors like yourself trying to silence every factual comment. Imagine how great Wikipedia could be.""",Toxkaggle,,,,,,1.0,1.0,1.0,1.0,1.0,,,,,,,,
"DeeDee, Patrick, Ed, Sheen, Timmy's Dad, Beavis &amp; Butthead, Peter Griffin. This is just a list of SOME mentally retarded cartoon characters.",DavidsonHS,,,,,,1.0,1.0,1.0,1.0,1.0,,,,,,,,
"""@glowstruck: But a nigga gon be a nigga, be a nigga."" You sound fuckin retarded",DavidsonOFF,,,,,,1.0,1.0,1.0,1.0,1.0,,,,,,,,
Ban Life time,Trac1,,,,,,0.0,0.0,0.0,0.0,0.0,,,,,,1.0,,
"RT @TayTheBADDIE: Never discuss cheese with a rat , talk bread with a bird , or make moves with a snake &#128175;&#128076;",DavidsonOFF,,,,,,1.0,1.0,1.0,1.0,1.0,,,,,,,,
"First, let every village and township has at least 6 toilets.",Trac1,,,,,,0.0,1.0,1.0,1.0,1.0,,,,,,,1.0,
Karma sure is a bitch. Lol,DavidsonOFF,,,,,,1.0,1.0,1.0,0.0,1.0,,,,,,,,
Stupid white people making my posts relevant to they own life #stupid #cousintoucher #honkie #whitetrash #blonde,DavidsonHS,,,,,,1.0,1.0,1.0,1.0,0.0,,,,,,,,
"Be nice and don't be a dick, or I will kick your ass.",Toxkaggle,,,,,,1.0,1.0,1.0,1.0,1.0,,,,,,,,
Terrorist right . How com pak get into indian border to install a trap? All are false allegations from BSF (tale aik hath sa nahe bajtee),Trac1,,,,,,1.0,1.0,1.0,1.0,1.0,,,,,,,1.0,
"""

I'm not really satisifed with the language either.  An editor recently reverted with a summary of:  """"one of the most ridiculous edits i've ever seen. stop trying to push POV on wikipedia"""".  I think calling the rape of a 14 year old girl by a powerful politician an affair is just as POV and ridiculous.  """,Toxkaggle,,,,,,1.0,1.0,0.0,0.0,0.0,,,,,,,,
"""I recommend someone upload a picture of the shaped 7"""" picture disc, and/or a clip from the bizarre video.  This is a noteworthy enough song to warrant a more accurate pic.   """,Toxkaggle,,,,,,1.0,1.0,1.0,1.0,1.0,,,,,,,,
Someone please bring me Goldfish crackers,DavidsonOFF,,,,,,1.0,1.0,1.0,1.0,0.0,,,,,,,,
@selina_dabbagh the song? About pollo hermanos and Heisenberg?,DavidsonHS,,,,,,0.0,0.0,0.0,0.0,0.0,,,,,,,,
#Yankees got beaten by a thug,DavidsonHS,,,,,,0.0,0.0,0.0,0.0,0.0,,,,,,,,
RT @natal_mendoz: Whore slut cunt bitch nigga,DavidsonHS,,,,,,1.0,1.0,0.0,1.0,1.0,,,,,,,,
FUCK YOU FUCK YOU FUCK YOUa,Toxkaggle,,,,,,1.0,1.0,1.0,1.0,1.0,,,,,,,,
And thwse are the guys who used to have mile long queues in their country for bread and potato,Trac1,,,,,,1.0,0.0,0.0,0.0,0.0,,,,,,,,1.0
"Yeah, for your information I happen to be a human being, not an IP number. Yeah, so any attempt to salavage this conversation has been ended by your comment. Fuck off, kay?",Toxkaggle,,,,,,0.0,1.0,1.0,1.0,1.0,,,,,,,,
@kieffer_jason oh am I lame but yo pussy ass didn't show up the fuck u talking bout oh scary ass white boy,DavidsonHS,,,,,,1.0,1.0,1.0,1.0,1.0,,,,,,,,
Women who are feminist are the ugly bitches who cant find a man for themselves,DavidsonHS,,,,,,0.0,0.0,0.0,1.0,0.0,,,,,,,,
"""

 my apologies 

Hello Anne, I left a correction over on the WP:RETENTION talkpage, but I wanted to say my sorry here as well.  

""""I wish to protest the role that 74 appears to be assigning to me here... Following another editor around and cleaning up his or her (deliberately left) messes would be boring""""  

I did not mean to speak of you now, I was specifically thinking of Anne Delong in December 2012.  Although not yet replied on the talkpage, I'm currently reading through your first 500 edits, which make sense given your paragraphs in the Anne Phenomenon section.  

I absolutely disagree when you say following editors around and fixing their messes is boring.  You worked on your own Opera article... and while it was waiting in the queue... made 15 grammar-nazi sniper-fixes to other articles in the queue.  This was 2012-12-26 that I'm thinking of.  You came back to wikipedia, every hour, for hours and hours.  *That* is where you got addicted to wikipedia.  *That* is why you still help out at AfC.  In my oh-so-not-humble opinion, that day is the keystone which explains the Anne Delong Phenomenon.  

I want to re-create that day.  Help me phrase my explanation on the WP:RETENTION talkpage, so that I capture what it is that brought you to love wikipedia.  Hope this clarifies, and apologies for mischaracterizing your contributions now, when I should have been clear I was thinking of you back when you were just starting out.  74.192.84.101  """,Toxkaggle,,,,,,0.0,1.0,1.0,0.0,0.0,,,,,,,,
Graham crackers and hazelnut coffee are my fave &#128152;&#9786;&#65039;,DavidsonOFF,,,,,,0.0,0.0,0.0,0.0,0.0,,,,,,,,
"""@KeyshawnSwag: Peel up peel up bring it back up rewind back where I'm from they move Shaq from the line"" ooooow who tf said that trash!!?",DavidsonOFF,,,,,,0.0,1.0,0.0,0.0,1.0,,,,,,,,
This is true colors of bjp to divide in the name of religion and rule the country what British has done,Trac1,,,,,,0.0,0.0,0.0,0.0,0.0,,,,,,1.0,,
@brandynasty bitch nigga dont get all but hurt,DavidsonOFF,,,,,,0.0,1.0,1.0,1.0,1.0,,,,,,,,
Narendra is his boss,Trac1,,,,,,0.0,0.0,0.0,0.0,0.0,,,,,,,1.0,
"What exactly did I spell wrong? Maybe you should go work on the homosexual article, you obviously have alot of experience in that department.",Toxkaggle,,,,,,1.0,1.0,1.0,1.0,1.0,,,,,,,,
"TCS Q3; Rupee Revenue up 1.5% at Rs 29,735 cr vs estimates of Rs 29,577 cr",Trac1,,,,,,1.0,1.0,1.0,1.0,1.0,,,,,,,1.0,
"Ah! I'll see if I can maybe dig something up before the vultures descend again. Just out of interest, why is someone on the other side of the planet interested in the Rochdale Observer?  Fatuorum",Toxkaggle,,,,,,1.0,1.0,1.0,1.0,1.0,,,,,,,,
"RT @LorenaSGonzalez: I am a California State Assemblywoman, but remain a proud @Teamsters #unionmember -- celebrating #LaborDay weekend ho&#8230;",DavidsonOFF,,,,,,0.0,1.0,0.0,1.0,1.0,,,,,,,,
"Hi Qwyrxian,
I got this message from you earlier:
Please refrain from making unconstructive edits to Wikipedia, as you did at Nando's. Your edits appear to constitute vandalism and have been reverted or removed. If you would like to experiment, please use the sandbox. Thank you. Starting at level 2 warning, because I believe you are the same editor as the IP address that was adding the exact same links despite being warned that it is against policy. Qwyrxian (talk) 

The links in question have been on the Nando's wiki page for almost a year now so I do not understand why they are now being considered a problem given that thousands of people probably view this page a day and none have addressed this previously? Please advise. All the links I (re)added to the wiki page provide information that I feel Nando's customers will value and are directly related to the article; in no way constituting vandalism.
Thanks",Toxkaggle,,,,,,1.0,1.0,1.0,1.0,1.0,,,,,,,,
"hi 
i feel like i under attack by all editor everywhere. every change i make get revert or be delete or contest even when it be truth. why so many editor not see that many article lace with untruth or misinformation? all i try to do is try correct errors but nobody want to know the truth (  even when source present, it not accept. i grow tired of this. sometime feel like giving up.",Toxkaggle,,,,,,1.0,1.0,1.0,1.0,1.0,,,,,,,,
RT @kj_feliciano: @vivalamarley yea dem hoes crazy,DavidsonOFF,,,,,,0.0,1.0,0.0,0.0,0.0,,,,,,,,
"Unintended consequences of the current fed regulations. 
Trays of uneaten food thrown in the trash, 
Hungry kids.
 http://t.co/aaMJhHOW7y",DavidsonHS,,,,,,1.0,1.0,1.0,1.0,1.0,,,,,,,,
#NowPlaying : Ian Hunter - Once Bitten Twice Shy on #1069TheArrow - http://t.co/R5wuXA9jB6,DavidsonHS,,,,,,0.0,0.0,0.0,1.0,1.0,,,,,,,,
RT @Yankees: #Yankees can jump into first place TONIGHT. RT if you think they will!,DavidsonHS,,,,,,0.0,0.0,1.0,0.0,0.0,,,,,,,,
jig levitating for lousiville,DavidsonOFF,,,,,,0.0,0.0,0.0,0.0,0.0,,,,,,,,
""":::::: Pecher, can you please explain your comment above as well. When did I """"keep pushing it into this article""""?? When you removed the section from the article, did I revert you? I brought the issue here to the talk page and DID wait for you to comment (thought everybody else except you made commentes on it and accepted having the section).  

""",Toxkaggle,,,,,,1.0,1.0,0.0,1.0,1.0,,,,,,,,
RT @uncledaddy69: @weakenednachos California's biggest retards. Don't forget about HOLY who just released an amazing EP.,DavidsonHS,,,,,,1.0,0.0,0.0,0.0,0.0,,,,,,,,
I see ya big Boi in the Oreo V's,DavidsonOFF,,,,,,0.0,0.0,0.0,0.0,0.0,,,,,,,,
"Organizations 

All the Organizations in this article are communist terrorist groups, is there any particular reason why they are in this article?",Toxkaggle,,,,,,0.0,0.0,1.0,0.0,0.0,,,,,,,,
"Hi anuj, MSS coming into picture, the liquidity has been Stabilised, What if rate cut doesn't happen??? How wil marlets react???",Trac1,,,,,,1.0,1.0,1.0,1.0,1.0,,,,,,,1.0,
That was a solid investment of 15 mins. Cue up Frank. Yankees. Wow.,DavidsonOFF,,,,,,0.0,0.0,0.0,0.0,0.0,,,,,,,,
"What do you think? 
We had a discussion here and you voiced your opinion. Could you please look at the arguments again and tell what you think at the article talk page? Do you really agree with this version? It was not version you commented about. Thanks,",Toxkaggle,,,,,,1.0,0.0,0.0,0.0,0.0,,,,,,,,
"""

What is """"unbiased""""? The new perspective simply makes much more sense, no matter how you put it. I think this article is pretty NPOV/""",Toxkaggle,,,,,,0.0,0.0,0.0,0.0,0.0,,,,,,,,
He should be transported to Afghanistan,Trac1,,,,,,1.0,1.0,0.0,1.0,1.0,,,,,,,,1.0
Needs to be severely taught public manners,Trac1,,,,,,0.0,0.0,0.0,0.0,0.0,,,,,,1.0,,
"RT @SalomaeSadiqa: It's because you can't bend me, you can't buy me and you can't make me into your nigger! #Farrakhan #TheTime",DavidsonHS,,,,,,1.0,1.0,1.0,1.0,0.0,,,,,,,,
"RT @Tiqqz: @ShinSnipes i woke up with a sore throat, im cold, niggers will be niggers. so terrible",DavidsonHS,,,,,,0.0,1.0,1.0,1.0,1.0,,,,,,,,
What was he doing for so many days??? People now don't trust any political party and / or a person.,Trac1,,,,,,0.0,1.0,1.0,1.0,0.0,,,,,,,1.0,
Totaly cheap publicity because hee is frusted lack of work,Trac1,,,,,,0.0,1.0,1.0,1.0,0.0,,,,,,1.0,,
"That's the tragedy with human nature...
It tends to imitate rather than introspect or innovate #PFact",Trac1,,,,,,1.0,1.0,1.0,0.0,0.0,,,,,,,1.0,
Gay ass nigga &#128514;&#128514; bitch you thought you thought,DavidsonHS,,,,,,1.0,1.0,1.0,1.0,1.0,,,,,,,,
@AustinG1135 I do not like talking to you faggot and I did but in a nicely way fag,DavidsonHS,,,,,,1.0,1.0,1.0,1.0,1.0,,,,,,,,
He may become Sports Minister or if Modites remain in power may be after 2 decades he may also become President of India,Trac1,,,,,,1.0,0.0,0.0,0.0,0.0,,,,,,,1.0,
@ISpeakESPINAL i love seing new ones cause i save them and then youse them bitches lmfao,DavidsonOFF,,,,,,1.0,1.0,1.0,1.0,1.0,,,,,,,,
@CapitolEVAN That's where I saw the leprechaun. He told me to burn things.,DavidsonOFF,,,,,,0.0,0.0,0.0,0.0,1.0,,,,,,,,
"First ever Indian prime minister in Indian history who's thinking about Indian nd india 

You are genius sir",Trac1,,,,,,0.0,0.0,1.0,0.0,0.0,,,,,,,1.0,
"&#8220;@JuniorMaye8: A lot of them are though. Attitudes be pure trash&#8221;

#TeamWhiteGirls 
#SwirlTheWorld",DavidsonOFF,,,,,,1.0,1.0,1.0,1.0,0.0,,,,,,,,
@BjwalkinRIVERS bro that hoe live,DavidsonOFF,,,,,,0.0,0.0,0.0,0.0,0.0,,,,,,,,
How many niggers does it take to change a light bulb???,Toxkaggle,,,,,,1.0,1.0,1.0,1.0,1.0,,,,,,,,
niggas ain't playin a gram of defense man George need to tell these bitch ass niggas man up,DavidsonHS,,,,,,0.0,0.0,1.0,1.0,1.0,,,,,,,,
I'm not down to be a side bitch tho &#128075;,DavidsonOFF,,,,,,1.0,0.0,1.0,1.0,0.0,,,,,,,,
"Uh, no... it would be a blatant BLP violation at least, and that carries with it inherent legal complications. Even if it doesn't violate the law, which I doubt anyone here knows for sure, using the wrong name and pronouns would violate the BLP policy, which is held above practically everything else on this site.",Toxkaggle,,,,,,1.0,1.0,1.0,1.0,1.0,,,,,,,,
Surgical strike by Pakistan and we do surgical strike through media! Long live Modi diplomacy!  #SaveIndia,Trac1,,,,,,0.0,0.0,0.0,0.0,0.0,,,,,,,1.0,
"@IntentionalTalk Half jar of marmalade, shaved monkey, saran wrap, mini horse. Give your best scene. #askkevin",DavidsonHS,,,,,,0.0,0.0,0.0,0.0,0.0,,,,,,,,
"StraussElite 

I had trouble translating some of the sentences from the Hebrew article about StraussElite to the English one. Could you help me out?",Toxkaggle,,,,,,1.0,0.0,1.0,0.0,0.0,,,,,,,,
Me and my bitch http://t.co/AsYjv2K4Tt,DavidsonOFF,,,,,,1.0,1.0,1.0,1.0,1.0,,,,,,,,
Now infuriated Jihadis are putting out murder requests on #Saudi fighter pilots who participated in the bombings in #Syria #ISIS,DavidsonHS,,,,,,1.0,1.0,1.0,1.0,1.0,,,,,,,,
I hope Charlie brought the lube for this test...,DavidsonOFF,,,,,,1.0,1.0,1.0,1.0,1.0,,,,,,,,
2 #iubb games when im in #bloomington #btown how good is that?! #ncaa #basketball #college #Indiana #iu #hoosiers,DavidsonOFF,,,,,,0.0,0.0,0.0,0.0,0.0,,,,,,,,
U SUCK REALY HUDGE COCK!,Toxkaggle,,,,,,1.0,1.0,1.0,0.0,0.0,,,,,,,,
@LifeAsKing Naw... I'm trash... Keep ya pity hugs...&#128530;&#128133;,DavidsonHS,,,,,,1.0,1.0,1.0,1.0,0.0,,,,,,,,
"Disappointed with Sambit for letting Khera speak non sense, he should be exposing openly. Y BJP is defendant against this corrupt parties",Trac1,,,,,,1.0,0.0,0.0,1.0,0.0,,,,,,1.0,,
I didn't forsake all other bitches for my wife to be getting fucked on by another nigga. and you know she married? you gotta die.,DavidsonHS,,,,,,1.0,0.0,1.0,0.0,0.0,,,,,,,,
"subsidies should be given to PV module manufacturing companies and R&D companies in solar , energy efficient production system.",Trac1,,,,,,1.0,1.0,1.0,1.0,1.0,,,,,,,1.0,
@RavenPeltier_ @Jesuslovinj @_B_R_Y_C_E_ still a bitch though,DavidsonOFF,,,,,,1.0,1.0,1.0,1.0,1.0,,,,,,,,
Try to enjoy Azaan or shift smwhere else bt Azaan cannt b stopped.,Trac1,,,,,,1.0,1.0,1.0,1.0,1.0,,,,,,,,1.0
"Yes Riya biswas they are finding to do poltics in delhi had done danga in Kolkatta,Orissa & Now they are looking for kerala.
But they don't know everywhere they are trying to do terrrorist activities they are getting tight Slap from that State CM.
Respect for Kejriwal,Mamta Banerjee,KCR,lalu prasad yadav,Kerala CM,tamils & BJD party of orissa",Trac1,,,,,,1.0,1.0,1.0,1.0,1.0,,,,,,1.0,,
Fuck off you nazi loving cunt,Toxkaggle,,,,,,0.0,0.0,0.0,1.0,1.0,,,,,,,,
@edouglas528 That would be your Yankees Earl....we all know they should win all 162,DavidsonOFF,,,,,,0.0,0.0,0.0,0.0,1.0,,,,,,,,
"Both of you are useless cunts and vandals who  who couldn't tell notability if it bit you on the arse. My pointing that out is not vandalism. It is spreading sanity.  Go on then, ban me, bitch.",Toxkaggle,,,,,,0.0,1.0,1.0,1.0,1.0,,,,,,,,
"Markets will crash in November, wait to buy at lower levels",Trac1,,,,,,1.0,0.0,1.0,1.0,0.0,,,,,,,1.0,
"Markets will crash in November, wait to buy at lower levels",Trac1,,,,,,1.0,0.0,1.0,1.0,0.0,,,,,,,1.0,
"Markets will crash in November, wait to buy at lower levels",Trac1,,,,,,1.0,0.0,1.0,1.0,0.0,,,,,,,1.0,
Gonna shower for the sole purpose of shampooing my beard.,DavidsonHS,,,,,,1.0,0.0,0.0,0.0,0.0,,,,,,,,
There are lot of chutiyas who points out 2000 bikes and things. Look at big picture guys.  Lot of black money is coming back to bank . Soon interest rate will be less and less and there are lot of things will happen in the favour of our nation.,Trac1,,,,,,1.0,1.0,0.0,0.0,0.0,,,,,,1.0,,
No girls no hoes just me myself and I,DavidsonHS,,,,,,0.0,0.0,0.0,0.0,1.0,,,,,,,,
just found out @IUBloomington has an #Australian president! #hoosiers are my team #hoosierstate #indiana #iu #iubb #big10 20-2 tonight!,DavidsonHS,,,,,,0.0,0.0,0.0,0.0,0.0,,,,,,,,
RT @ahmiryoung Lakers on....I thought trash day was Monday,DavidsonHS,,,,,,1.0,1.0,1.0,1.0,1.0,,,,,,,,
"Hey 
Fuck you, you Russia-loving cunt.",Toxkaggle,,,,,,0.0,1.0,0.0,0.0,0.0,,,,,,,,
Definitely overdoing nd over rated actress. That dress is a bad choice.once she even looked like Michael jackson.,Trac1,,,,,,1.0,1.0,1.0,1.0,1.0,,,,,,,1.0,
@mrgeology no you ignorant cement headed hillbilly. You said taxing. Cant you fuckin read you fucking knob gobbling douchebag,DavidsonHS,,,,,,1.0,1.0,1.0,1.0,1.0,,,,,,,,
We delivering bitch!!!!,DavidsonOFF,,,,,,1.0,1.0,1.0,1.0,1.0,,,,,,,,
RT @ClassierTrash: shut up bitch,DavidsonOFF,,,,,,0.0,0.0,1.0,1.0,1.0,,,,,,,,
"You are a racist 

Shut up you racist! You can't keep us Aussies out! You can build a wall but we'll tear it down, mate! 58.178.146.217",Toxkaggle,,,,,,0.0,1.0,1.0,1.0,1.0,,,,,,,,
"Dis nicca @DB_Scooch went in on dat ""I Keep tryin""",DavidsonOFF,,,,,,0.0,0.0,0.0,0.0,1.0,,,,,,,,
@ashhruggiero happy birthday queer,DavidsonHS,,,,,,0.0,0.0,0.0,0.0,0.0,,,,,,,,
Does anybody know what the outcome of the Chicago pornography charges were?  Have they gone to trial yet?,Toxkaggle,,,,,,1.0,1.0,1.0,1.0,1.0,,,,,,,,
SS has only got 9 seats extra then  2012 where as BJP won 81 seats compare to 27 in 2012. So the real victory is of Phadanavis not of Uddhav.,Trac1,,,,,,1.0,1.0,1.0,1.0,1.0,,,,,,,,1.0
veggietales sucks veggietales sucks veggietales sucks veggietales sucks veggietales sucks veggietales sucks veggietales sucks veggietales sucks veggietales sucks veggietales sucks veggietales sucks veggietales sucks veggietales sucks veggietales sucks veggietales sucks veggietales sucks veggietales sucks veggietales sucks veggietales sucks veggietales sucks veggietales sucks veggietales sucks veggietales sucks veggietales sucks veggietales sucks veggietales sucks veggietales sucks veggietales sucks veggietales sucks veggietales sucks veggietales sucks veggietales sucks veggietales sucks veggietales sucks veggietales sucks veggietales sucks veggietales sucks veggietales sucks veggietales sucks veggietales sucks veggietales sucks veggietales sucks veggietales sucks veggietales sucks veggietales sucks veggietales sucks veggietales sucks veggietales sucks veggietales sucks veggietales sucks veggietales sucks veggietales sucks veggietales sucks veggietales sucks veggietales sucks veggietales sucks veggietales sucks veggietales sucks veggietales sucks veggietales sucks veggietales sucks veggietales sucks veggietales sucks veggietales sucks veggietales sucks veggietales sucks veggietales sucks veggietales sucks veggietales sucks veggietales sucks veggietales sucks veggietales sucks veggietales sucks veggietales sucks veggietales sucks veggietales sucks veggietales sucks veggietales sucks veggietales sucks veggietales sucks veggietales sucks veggietales sucks veggietales sucks veggietales sucks veggietales sucks veggietales sucks veggietales sucks veggietales sucks veggietales sucks veggietales sucks veggietales sucks veggietales sucks veggietales sucks veggietales sucks veggietales sucks veggietales sucks veggietales sucks veggietales sucks veggietales sucks veggietales sucks veggietales sucks veggietales sucks veggietales sucks veggietales sucks veggietales sucks veggietales sucks veggietales sucks veggietales sucks veggietales sucks veggietales sucks veggietales sucks veggietales sucks veggietales sucks veggietales sucks veggietales sucks veggietales sucks veggietales sucks veggietales sucks veggietales sucks veggietales sucks veggietales sucks veggietales sucks veggietales sucks veggietales sucks veggietales sucks veggietales sucks veggietales sucks veggietales sucks veggietales sucks veggietales sucks veggietales sucks veggietales sucks veggietales sucks veggietales sucks veggietales sucks veggietales sucks veggietales sucks veggietales sucks veggietales sucks veggietales sucks veggietales sucks veggietales sucks veggietales sucks veggietales sucks veggietales sucks veggietales sucks veggietales sucks veggietales sucks veggietales sucks veggietales sucks veggietales sucks veggietales sucks veggietales sucks veggietales sucks veggietales sucks veggietales sucks veggietales sucks veggietales sucks veggietales sucks veggietales sucks veggietales sucks veggietales sucks veggietales sucks veggietales sucks veggietales sucks veggietales sucks veggietales sucks veggietales sucks veggietales sucks veggietales sucks veggietales sucks veggietales sucks veggietales sucks veggietales sucks veggietales sucks veggietales sucks veggietales sucks veggietales sucks veggietales sucks veggietales sucks veggietales sucks veggietales sucks veggietales sucks veggietales sucks veggietales sucks veggietales sucks veggietales sucks veggietales sucks veggietales sucks veggietales sucks veggietales sucks veggietales sucks veggietales sucks veggietales sucks veggietales sucks veggietales sucks veggietales sucks veggietales sucks veggietales sucks veggietales sucks veggietales sucks veggietales sucks veggietales sucks veggietales sucks veggietales sucks veggietales sucks veggietales sucks veggietales sucks veggietales sucks veggietales sucks veggietales sucks veggietales sucks,Toxkaggle,,,,,,1.0,1.0,1.0,1.0,1.0,,,,,,,,
"""

AnkaKalari

A proposed deletion template has been added to the article AnkaKalari, suggesting that it be deleted according to the proposed deletion process. All contributions are appreciated, but this article may not satisfy Wikipedia's criteria for inclusion, and the deletion notice should explain why (see also """"What Wikipedia is not"""" and Wikipedia's deletion policy).  You may prevent the proposed deletion by removing the  notice, but please explain why you disagree with the proposed deletion in your edit summary or on its talk page. Also, please consider improving the article to address the issues raised. Even though removing the deletion notice will prevent deletion through the proposed deletion process, the article may still be deleted if it matches any of the speedy deletion criteria or it can be sent to Articles for Deletion, where it may be deleted if consensus to delete is reached. If you agree with the deletion of the article, and you are the only person who has made substantial edits to the page, please add  to the top of AnkaKalari.  talk """,Toxkaggle,,,,,,1.0,1.0,1.0,1.0,1.0,,,,,,,,
Bsf have no money to feed their soldiers but can spend so much on tribute to say good bye to a dead body.,Trac1,,,,,,0.0,1.0,1.0,1.0,1.0,,,,,,,,1.0
Them brownies tho &#128524;&#128076;,DavidsonHS,,,,,,0.0,0.0,1.0,1.0,0.0,,,,,,,,
Try to take Othot drugs bitch I'm 30'd up,DavidsonOFF,,,,,,1.0,1.0,1.0,1.0,0.0,,,,,,,,
Siddharth Singh Tomar....U Nailed it Bro üëç,Trac1,,,,,,0.0,0.0,0.0,0.0,0.0,,,,,,,1.0,
Fuck off bitch,DavidsonOFF,,,,,,1.0,1.0,1.0,1.0,1.0,,,,,,,,
"Hey! I'm gonna get some sort of bird tattooed on my body, accompanied with an anchor/rope situation. No one's doing that right now, right?",DavidsonOFF,,,,,,1.0,0.0,0.0,0.0,0.0,,,,,,,,
"Why naturally, it was expected of the troll. What I didn't expect was the surprisingly punitive response from the apparently malleable and novice admin that blocked me. If I cared enough, I would probably report both, but I couldn't be bothered, I don't suffer from vaginitis. Someone does however need ventilate the pervasive odor of troll that lingers over the project and threatens to halt any further progress.",Toxkaggle,,,,,,0.0,1.0,0.0,1.0,1.0,,,,,,,,
I have a question for you sir. Can you please name the temple please also which Kashmiri Pandits are chanting bhajans?,Trac1,,,,,,0.0,0.0,0.0,0.0,0.0,,,,,,,,1.0
"Have you ever popped champagne on a plane, while gettin some brain 
Whipped it out, she said ""I never seen Snakes on a Plane""",DavidsonHS,,,,,,1.0,1.0,1.0,1.0,1.0,,,,,,,,
What is your take on reliance group..the price of these stock are far lower in 28k mkt ..then they were in 21k mkt 9yrs ago..your view please,Trac1,,,,,,0.0,0.0,0.0,1.0,0.0,,,,,,,1.0,
evm ka magic,Trac1,,,,,,0.0,0.0,0.0,0.0,0.0,,,,,,,,1.0
RT @PluggedInPiff: Green azz niggas!!!! &amp; yall new bitches condone dat sucka activity dat why they keep doin it!!!,DavidsonHS,,,,,,1.0,1.0,1.0,1.0,1.0,,,,,,,,
bban be and u die. understand?efore,Toxkaggle,,,,,,0.0,1.0,0.0,1.0,1.0,,,,,,,,
You must be a terrosist yourself to revert thta. But what could i expect from someone of your ethnicity,Toxkaggle,,,,,,1.0,1.0,1.0,1.0,1.0,,,,,,,,
"""

 Just dropping by... 
...to let you know that you're a cocksucking faggot!!!-The'FortyFive' """,Toxkaggle,,,,,,0.0,0.0,0.0,0.0,0.0,,,,,,,,
What was their business? Oil black marketing. Bloody thieves just defaming Islam.,Trac1,,,,,,1.0,1.0,1.0,1.0,1.0,,,,,,1.0,,
"Lots of Mormons in the edit crowd, I think, that simply don't want their beloved racist homophobe seen in anything but a positive light.",Toxkaggle,,,,,,,,,,,0.0,1.0,0.0,1.0,0.0,,,
"It's Chinese year of the cock, so they're all out in full force on social media",Trac1,,,,,,,,,,,0.0,1.0,1.0,1.0,0.0,1.0,,
"Welcome Faggot!

Welcome!

Hello, , and welcome to Wikipedia! Thank you for your contributions. I hope you like the place and decide to stay. Here are a few good links for newcomers:
The five pillars of Wikipedia
How to edit a page
Help pages
Tutorial
How to write a great article
Manual of Style
I hope you enjoy editing here and being a Wikipedian! Please sign your name on talk pages using four tildes (~~~~); this will automatically produce your name and the date. If you need help, check out Wikipedia:Questions, ask me on my talk page, or place {{helpme}} on your talk page and someone will show up shortly to answer your questions. Again, welcome!",Toxkaggle,,,,,,,,,,,1.0,1.0,1.0,1.0,1.0,,,
Niggah niggah niggah don't believe me just wacthh...,DavidsonHS,,,,,,,,,,,0.0,0.0,1.0,0.0,0.0,,,
@dgardner @YoniFreedhoff Sounds like the hysteria over bird flu a few years back. It had a lower mortality rate than the regular flu.,DavidsonHS,,,,,,,,,,,1.0,1.0,1.0,1.0,1.0,,,
&#8220;@cmencarini: I dont trust girls&#8221; cant trust these hoes,DavidsonOFF,,,,,,,,,,,0.0,0.0,0.0,0.0,1.0,,,
Today is GAMEDAY! #iubb i need #iu to win so my jersey can arrive! #HoosierNation #hoosiers,DavidsonHS,,,,,,,,,,,1.0,0.0,0.0,1.0,0.0,,,
"""

Yeah I'm actually a seven-year-old black Australian midget.‚ñ∫''''''Holla! """,Toxkaggle,,,,,,,,,,,0.0,1.0,0.0,0.0,1.0,,,
"Och hoe wonderbaarlijk dat Jan het alweer met n Marokkaanse BNer aan de stok heeft. Na Fatima, Lamyea, Tofik, nu ook Abdelka te min gevonden",DavidsonOFF,,,,,,,,,,,0.0,0.0,0.0,0.0,1.0,,,
Why to vote these goonda party vote to Modi and BJP,Trac1,,,,,,,,,,,0.0,0.0,0.0,0.0,0.0,,,1.0
"Blah 

You fat dykey cunt!  If you would fucking read for once in your life, you would see that I did have a reason for getting unbanned.  My ban was being continued unfairly, but you don't listen and just sit on your fat ass and hit the block indefinately button.  Not fair, cuntbag.  I hope you get hit by a car.

Kisses!",Toxkaggle,,,,,,,,,,,0.0,1.0,0.0,1.0,1.0,,,
"""@HermosaAlma: This isn't ghetto.....it's smart https://t.co/MPAzQ3Jswf"" I'm doing this idc",DavidsonOFF,,,,,,,,,,,0.0,0.0,0.0,0.0,0.0,,,
I got no patience for hoes actin lame ima stop fuckin wit yo ass quick asl,DavidsonOFF,,,,,,,,,,,1.0,1.0,1.0,1.0,0.0,,,
"&#8220;@IAmClatonBigsby: Bout to ride my horse, to come fuck yo bitch.&#8221;Ooh @ em tho",DavidsonOFF,,,,,,,,,,,1.0,1.0,1.0,1.0,0.0,,,
RT @Unorthodex: Nah I hate white people now since he looks like a dyke RT @ElBasedParko: I think he just ended racism http://t.co/VgjYHn4bvt,DavidsonHS,,,,,,,,,,,1.0,1.0,1.0,1.0,0.0,,,
@ToWherever yay im a whitey :3,DavidsonHS,,,,,,,,,,,1.0,1.0,1.0,0.0,0.0,,,
"@realDonaldTrump he looks like reg. Memphis,tn. trash! we got them everywhere.",DavidsonHS,,,,,,,,,,,0.0,1.0,1.0,1.0,1.0,,,
RT @john_nesby: &#128514;&#128514;&#128514; I know who Chubb talkin bout lmao definitely not my hoe,DavidsonOFF,,,,,,,,,,,1.0,1.0,1.0,1.0,0.0,,,
Faggot ass bitch nigga,DavidsonHS,,,,,,,,,,,0.0,0.0,1.0,1.0,1.0,,,
Will the fmcg sector get re rated coz of GST cmg soon ?,Trac1,,,,,,,,,,,1.0,1.0,1.0,1.0,0.0,,1.0,
Will the fmcg sector get re rated coz of GST cmg soon ?,Trac1,,,,,,,,,,,1.0,1.0,1.0,1.0,0.0,,1.0,
tell him to shun his VIPism...only after that he ll be praiseworthy,Trac1,,,,,,,,,,,1.0,1.0,1.0,1.0,0.0,,,1.0
&#128532;RT @FunnyJulius: #ACTRIST RT @sheEBONYblack: &#8220;@HotKommodity05: &#128553;&#128553;&#128553;&#128553; &#8220;@A2daO: U bitches tripping smh http://t.co/Ywz59nbnR7,DavidsonOFF,,,,,,,,,,,1.0,1.0,1.0,1.0,1.0,,,
RT @Professor_Ryan: I thought it was raining because of the sound on the roof but it was just birds exploding from the heat.,DavidsonHS,,,,,,,,,,,0.0,1.0,1.0,1.0,1.0,,,
"""

 Thanks 

Thanks for the barnstar. I love trivia pages - they're fun. But sometimes they oversimplify things, so that's why I put the wikilinks in, so people can find more information on the topics. RinkWorks is a fun site for trivia and humour of that kind. I also have some trivia files I collected a few years ago - I'm not sure where I got most of it from and I'm not sure how accurate some of the files are (with the exception of scrabble trivia), but they're fun to read. If you want them just give me a shout by e-mail and I'll send them as attachments. ''''''87 """,Toxkaggle,,,,,,,,,,,1.0,1.0,1.0,1.0,1.0,,,
Fuk u red bedbugs,Trac1,,,,,,,,,,,0.0,0.0,0.0,0.0,0.0,1.0,,
"""
For the malformed requests language, """"Did you submit your request by using subst:requested move?"""" can be read to imply that the request is malformed -because- the request has not been submitted using subst:requested move. Can we try a different wording, e.g. """"Please be sure you have not submitted..."""" or something like that? „Çà! """,Toxkaggle,,,,,,,,,,,1.0,1.0,1.0,1.0,1.0,,,
Hope i wiil be a part of kgp in next life,Trac1,,,,,,,,,,,0.0,0.0,0.0,0.0,0.0,,1.0,
RT @DailyRapFacts: .@YG is the voice behind @DJmustard&#8217;s &#8220;Mustard on the beat hoe,DavidsonOFF,,,,,,,,,,,0.0,0.0,0.0,1.0,0.0,,,
"Tie in eurovision 

Hi! You reverted (, ) my edits (,) in the articles Eurovision Song Contest 2006 and Eurovision Song Contest 2003 with the reference to the official site although you didn't gave a weblink. So I have searched and found something inconsistent. For example in eurovision 2003() and 2006() the ties are not broken, but in eurovision 2008 ()!. Do you know why? Greetings,",Toxkaggle,,,,,,,,,,,0.0,0.0,0.0,0.0,0.0,,,
RT @DreCordero: Always interesting to see people who trash La Liga react to products of La Liga on Premier League clubs.,DavidsonOFF,,,,,,,,,,,1.0,1.0,1.0,1.0,0.0,,,
@alexissert leave dyke,DavidsonHS,,,,,,,,,,,1.0,1.0,1.0,1.0,0.0,,,
Stayin up late to watch #Ichiro #Yankees,DavidsonHS,,,,,,,,,,,0.0,0.0,0.0,0.0,0.0,,,
COCKSUCKER BEFORE YOU PISS AROUND ON MY WORK,Toxkaggle,,,,,,,,,,,1.0,1.0,1.0,1.0,1.0,,,
"Oaks and Homophobia
I provided a full citation that proves Oaks' homophobia. How the fuck is that vandalism?",Toxkaggle,,,,,,,,,,,1.0,1.0,1.0,1.0,0.0,,,
"Many more happy returns of the day Bigbasket!
Proud to be the part of this celebration!",Trac1,,,,,,,,,,,1.0,1.0,1.0,0.0,0.0,,1.0,
lrt turnup lil bitch,DavidsonOFF,,,,,,,,,,,0.0,0.0,1.0,1.0,0.0,,,
Yes Best of luck my love virat,Trac1,,,,,,,,,,,0.0,0.0,0.0,0.0,0.0,,1.0,
"The beautiful Fairy Pools near Glenbrittle on the Isle of Skye, Scotland http://t.co/cyi6xSvn97",DavidsonHS,,,,,,,,,,,0.0,0.0,0.0,1.0,0.0,,,
Looks like in masjids and church people are taught to hate Modi,Trac1,,,,,,,,,,,0.0,1.0,0.0,0.0,0.0,1.0,,
"Image help 

In order to help you I would need to see the image page where you uploaded the images. If these were deleted I would need more information as the articles don't help me understand the issues with the images. Could you provide the a link to the image source? Also, when you say you e-mailed permissions proof, exactly how did you do that? Was it through the OTRS system?",Toxkaggle,,,,,,,,,,,0.0,0.0,0.0,0.0,0.0,,,
"Go fuck yourself, you are shit human. 220.253.22.120",Toxkaggle,,,,,,,,,,,1.0,0.0,1.0,1.0,0.0,,,
"Decision result

May I remind you the decision result http://en.wikipedia.org/wiki/Talk:B%C4%83l%C5%A3i#Requested_move regarding your trolling about BƒÉl≈£i related articles. So, taking into consideration this and many other warnings against you I suggest to change your style and stop trolling. The decision was taken and you have to follow it.",Toxkaggle,,,,,,,,,,,1.0,1.0,1.0,1.0,0.0,,,
I went outside and got mad bc this weather is trash,DavidsonHS,,,,,,,,,,,1.0,1.0,1.0,0.0,0.0,,,
&#8220;@kitty_hello14: @Im_Yung_Jay &#127850;&#127850;&#127850;&#127850;&#127850; bitch ass nigga fuck you ! &#128079;&#128079;&#128079;&#128079;&#128079;&#128077;&#128077;&#128077;&#128077;&#128077;&#8221; &lt;= these hoes ain't got no manners #RealTalk,DavidsonHS,,,,,,,,,,,1.0,1.0,1.0,1.0,1.0,,,
"Well basically you threatened me on my talk page. Not conducive for fostering Normal persons - Wiccan weirdoes relationships. Why do you believe this nonsense, exactly? Obviously you're disillusioned with Christianity but to buy into something so patently rubbish is beneath contempt. its childish and idiotic. You've never ever really thought about the cosmos in depth, have you? You're pathetic and childish and are going through a phase which you will more than likely come out of someday.",Toxkaggle,,,,,,,,,,,1.0,1.0,1.0,1.0,0.0,,,
"RT @SportsCenter: BREAKING: Louisville coach Charlie Strong is expected to accept Texas job, according to ESPN &amp; media reports &#187; http://t.c&#8230;",DavidsonOFF,,,,,,,,,,,1.0,1.0,1.0,0.0,0.0,,,
"WHAT'S WRONG WITH YOU?
GO KILL YOURSELF, YOU VILE CREATURE!!!!!!!!!!!",Toxkaggle,,,,,,,,,,,1.0,0.0,0.0,1.0,0.0,,,
Effects of demonetization will be clear in coming 6 months but the implementation was very poor,Trac1,,,,,,,,,,,1.0,1.0,1.0,1.0,1.0,,,1.0
wish I had a brownie or a dab to knock me out rn,DavidsonOFF,,,,,,,,,,,0.0,0.0,0.0,0.0,0.0,,,
"""
 I deleted because the article text gave no indication why the topic is important, and indeed none of the information you just stated was in the article. If you know of some kind of a reliable source that mentions one of the two facts you just gave me and considers it significant then I'm very happy to restore the article for you. I could also move the article to your user space where you can work on it pretty much undisturbed. Cheers, Amalthea """,Toxkaggle,,,,,,,,,,,0.0,1.0,1.0,0.0,0.0,,,
"Do not threaten me 

I understand what weasel words are perfectly fine. Please note that any attempts to stalk and harass me will be reported.",Toxkaggle,,,,,,,,,,,1.0,1.0,1.0,1.0,0.0,,,
Twitter watching bitches.,DavidsonOFF,,,,,,,,,,,1.0,1.0,1.0,1.0,1.0,,,
"right. 
i wasnt making a pers0nal attack.  i was just simply stating that he was being an ass-hat f0r deleting my article.  thanks anyway, the w0rld needs m0re nazis like y0u.",Toxkaggle,,,,,,,,,,,1.0,1.0,1.0,1.0,0.0,,,
"I have reverted you. Traheliven is right to remove this material. It is pure WP:OR given there is no 2nd source to sustain the comments that were made about the Israeli Declaration of Indipendence. The text of the declaration is accessible through the link. There is no added value to add this with personnal comments.
You have a clear problem with the rules of wikipedia. Please, use the talk page first for any edit you would wish to make until your ability to edit is recognised by the community.",Toxkaggle,,,,,,,,,,,1.0,1.0,1.0,1.0,1.0,,,
#NAME?,Toxkaggle,,,,,,,,,,,0.0,0.0,0.0,1.0,0.0,,,
fuzzy socks are the actual life,DavidsonOFF,,,,,,,,,,,0.0,0.0,0.0,1.0,0.0,,,
Come on man RT @BasedLaRock: Oreo needs to chill &#128686;RT @TheDonDrew: You know about these @PremiumPete? good or nah? http://t.co/Mw9QXG3vFW,DavidsonOFF,,,,,,,,,,,0.0,0.0,0.0,0.0,1.0,,,
I agree with you that there will be several people's sacrifice and hardworking behind a successful event being organised.It is really enriching our knowledge of how an event is being organised.,Trac1,,,,,,,,,,,0.0,0.0,0.0,0.0,1.0,,1.0,
Simply superb..the corrupt politicians are crying.. Please nail every politician.,Trac1,,,,,,,,,,,1.0,1.0,1.0,1.0,0.0,,1.0,
"@dolphrudager Nope, never taken neighbors actual stuff. Just wifi. Acct info in their trash cans at 3am. Super easy.",DavidsonOFF,,,,,,,,,,,0.0,0.0,1.0,1.0,0.0,,,
Stay warm &#10052;&#65039;&#127744; #beanies #sweaterweather #booty4ever http://t.co/zPTCkqybAM,DavidsonHS,,,,,,,,,,,0.0,0.0,0.0,0.0,1.0,,,
"""

 Non-enyclopedic? 

""""On February 24, 1943, Iowa put to sea for shakedown in the Chesapeake Bay and along the Atlantic coast. She got underway on August 27 for Argentia, Newfoundland to neutralise the threat of German battleship Tirpitz which was reportedly operating in Norwegian waters.""""

The terms/word """"put to sea"""", """"shakedown"""", """"underway"""", as well as calling it """"she"""" seems non-encyclopedic to me, and is more colloquial than should be. Something should be donw about this. Also, I'm changing """"neutralise"""" to the correct spelling of """"neutralize"""", with a """"z"""". """,Toxkaggle,,,,,,,,,,,0.0,0.0,1.0,1.0,0.0,,,
"@richarddeitsch yeah,but the cripple not getting up clean helped the call out...wouldn't have been fair either way",DavidsonOFF,,,,,,,,,,,0.0,0.0,0.0,1.0,0.0,,,
"4 old hoes, a ponk, and a dyke outchea having ""girl talk""",DavidsonHS,,,,,,,,,,,0.0,0.0,0.0,0.0,1.0,,,
@Willstreakk @Tycff10111 according to you my place is in kitchen. Excuse me while I take out the trash,DavidsonHS,,,,,,,,,,,0.0,0.0,0.0,0.0,0.0,,,
"That's quite all right, and I agree about Prentice as well. Check my recent contribs for several PSU and one OHSU IPs that I have tagged if you haven't caught all those. Thanks.",Toxkaggle,,,,,,,,,,,1.0,1.0,1.0,1.0,1.0,,,
"Niggas cant stand me cuz they bitches be feelin a nigga . Get mad at yo so called ""girl""",DavidsonOFF,,,,,,,,,,,0.0,1.0,0.0,0.0,1.0,,,
@_TurnDownDre @Jordan__Grimes @kushdaddycorr @TRob_waddUP that's true idk why your even in this convo you dumb nigger attention whore,DavidsonHS,,,,,,,,,,,1.0,1.0,1.0,1.0,0.0,,,
"I'm really proud to have him.  He was the best central banker of India.  People compare him to Reddy.  Well the world wasn't in the shape it is in today.  Secondly the world wasn't printing money at this rate and trying to weaken their currencies.  I respect Rajans stand on reserves , refusing to give banking licences to industrialists and stability of currency. His giving new licences to new banks shall also force new leaders to take the stage.  Look at how indusind bank and yes bank have performed when compared to sbi,  Icici,  hdfc bank.  Very well done sir.  I'm going to cry the day you leave.  Thankfully a lot of Indians are no longer idiots and have the guts to back you.",Trac1,,,,,,,,,,,0.0,0.0,0.0,1.0,1.0,,1.0,
I love Indian maaata in kerala hotel in saudis,Trac1,,,,,,,,,,,0.0,0.0,0.0,0.0,0.0,,,1.0
I want a slope job so I can get away from everything and be by myself for two weeks. I hate being around people unless they are my friends.,DavidsonHS,,,,,,,,,,,0.0,0.0,0.0,0.0,0.0,,,
I was told never fold &amp; never sell my sole,DavidsonHS,,,,,,,,,,,0.0,0.0,0.0,0.0,0.0,,,
Cheater,Trac1,,,,,,,,,,,0.0,0.0,0.0,0.0,0.0,1.0,,
RT @Rock76_: just show im not playing in this bitch one false move ima spraying in this bitch @1waynostra,DavidsonOFF,,,,,,,,,,,0.0,0.0,1.0,0.0,0.0,,,
"how many of you guys know that all internal war Syria is facing was started from Alleppo university and university of Damascus..., if you don't then Google it.....l think we should stop this type of cancer from spreading in our country.",Trac1,,,,,,,,,,,0.0,0.0,1.0,0.0,0.0,,,1.0
"how many of you guys know that all internal war Syria is facing was started from Alleppo university and university of Damascus..., if you don't then Google it.....l think we should stop this type of cancer from spreading in our country.",Trac1,,,,,,,,,,,0.0,0.0,1.0,0.0,0.0,,,1.0
&#9733; BEST ASIAN MASSAGE ON THE Brooklyn Park slope --TOP RATED SPA &#9733;718-622-0221 - 24 http://t.co/saWpjDtIGN,DavidsonHS,,,,,,,,,,,1.0,1.0,1.0,1.0,1.0,,,
What do you mean i lack experiance ive been here since December 2005,Toxkaggle,,,,,,,,,,,0.0,0.0,1.0,0.0,1.0,,,
"""

 Dingley. 

Just to put you in the picture, Trident13: the tone is nothing unusual for Dingley. He's got a long history. Being sarcastic/patronizing/abusive/contemptuous makes him feel good. He does it a lot. Funny thing is though, when he decides he's a victim of it he runs, crying like a toddler who's just dropped his ice-cream, to the """"notice board"""", demanding people be banned. He's always telling others how to behave, but he doesn't think the rules apply to him. Self-esteem problems. He won't read WP:AGF, of course, because, as you've probably noticed, he already knows everything. Take no notice of the sad fucker.""",Toxkaggle,,,,,,,,,,,0.0,0.0,1.0,0.0,1.0,,,
"Capitalization

You are misspelling the word. Idiot.

You fucking wikipedia morons!  You've decided to set aside the basic rules for capitalization that are taught in the 3rd Grade, and create your own.  No wonder well educated people refuse to take wikipedia seriously.",Toxkaggle,,,,,,,,,,,0.0,1.0,0.0,1.0,1.0,,,
RT @666joselopez: @Victorasap_ your voice mail little bitch ass nigga http://t.co/n9dMDtvWts,DavidsonOFF,,,,,,,,,,,0.0,0.0,1.0,1.0,1.0,,,
"&#128525;&#128525;&#128525;

&#8220;@whatskillfeed: i guess ill just trash this drawing because of roster changes...&#128532; http://t.co/2r8wqgE8cR&#8221;",DavidsonOFF,,,,,,,,,,,1.0,1.0,1.0,1.0,1.0,,,
I already know I'm about to buy so many bitches drinks tonight that I'll never fuck but life's all about hits and misses. Gotta take chances,DavidsonOFF,,,,,,,,,,,1.0,1.0,1.0,1.0,1.0,,,
Seem like da colored folk be gettin in da way lately. I just sayin,DavidsonHS,,,,,,,,,,,1.0,1.0,1.0,0.0,0.0,,,
@BossAce555 @Sounds_good_bro @BloggerBoxing yea u stupid faggot. I'm not leaving till like 5-6pm. Want a ride?,DavidsonHS,,,,,,,,,,,1.0,1.0,1.0,1.0,1.0,,,
"If you dont understand a word called sarcasm, i cant help it.",Trac1,,,,,,,,,,,0.0,0.0,0.0,1.0,1.0,,,1.0
@Darienbaby_xoxo jk I'd fuck a dog before I fuck you fish pussy,DavidsonHS,,,,,,,,,,,1.0,1.0,1.0,1.0,1.0,,,
@uk3ba Just learn d dance nuh cuz u know after carnival we like to pick up months old yardie ting LOL,DavidsonOFF,,,,,,,,,,,1.0,1.0,1.0,1.0,0.0,,,
@JRise88 shut up you stupid bitch,DavidsonHS,,,,,,,,,,,1.0,1.0,0.0,1.0,1.0,,,
"@Selecta_kerry I seeing ppl saying running a train on a bird, and a parry is the same thing, but das not what I know..so looking for clarity",DavidsonHS,,,,,,,,,,,0.0,0.0,0.0,0.0,0.0,,,
"Who knew of a Republican Party of India women's wing before this ""controversy""? Made up controversies to publicise a political party..",Trac1,,,,,,,,,,,1.0,1.0,1.0,0.0,0.0,1.0,,
RT @thereal_EMandM: Settling down is for pussies,DavidsonOFF,,,,,,,,,,,0.0,0.0,0.0,0.0,1.0,,,
This will pinch the AAM Aadmi pocket.....it is abs ruckus..,Trac1,,,,,,,,,,,0.0,1.0,1.0,1.0,1.0,,1.0,
Natarajan sir do u know the condition in kashmir now a days??,Trac1,,,,,,,,,,,0.0,0.0,0.0,0.0,0.0,,1.0,
"dude its not vandalism its the name of the song, and i waould know, as i go to the school!, idiot",Toxkaggle,,,,,,,,,,,1.0,1.0,1.0,1.0,0.0,,,
"April 10 

At the April 10 edition of RAW, Chris Mordetsky was about to give the Master Lock on Carlito but I think he stuck his middle finger for less than a second. Maybe that's why Carlito gave a chair shot to him.",Toxkaggle,,,,,,,,,,,1.0,1.0,1.0,1.0,1.0,,,
Can axis. Will touch 400 and what about Tata motor,Trac1,,,,,,,,,,,0.0,0.0,0.0,0.0,0.0,,1.0,
But it was a very sharp attack on karan,Trac1,,,,,,,,,,,0.0,0.0,1.0,0.0,1.0,,1.0,
THIS IDIOT DOESNOT KNOW THAT PRESIDENT IS FAR MORE STRONG THAN ANY OTHER FORM OF RULE.,Trac1,,,,,,,,,,,0.0,0.0,0.0,0.0,1.0,1.0,,
"Ain't shit like fucking another nigga bitch and askin her ""who pussy is this"" and she say yours lmao no bitch im stealing this pussy lol",DavidsonHS,,,,,,,,,,,0.0,1.0,1.0,1.0,1.0,,,
Are you a faggot or what?,Toxkaggle,,,,,,,,,,,1.0,1.0,1.0,1.0,1.0,,,
@Maxwell_Larsen your a cunt,DavidsonHS,,,,,,,,,,,0.0,0.0,0.0,0.0,0.0,,,
"do not allow ,no body to discover you -discover yourself -be the best selfie of yourself",Trac1,,,,,,,,,,,0.0,0.0,0.0,0.0,1.0,,1.0,
"Please feel free to continue blocking edits from this IP - it is one of the outproxies for I2P (to verify, do a DNS lookup of www.i2p.net)",Toxkaggle,,,,,,,,,,,0.0,0.0,0.0,0.0,0.0,,,
@eGoTheIcoN everytime pro teams do GB tourneys that get schmanged. Im not fanboying im just saying I don't think u should say they're trash.,DavidsonHS,,,,,,,,,,,1.0,1.0,1.0,1.0,1.0,,,
"Surbhi Srivastava super fool like you try hard in every thing else, as beauty is not a fimiliar word for you.",Trac1,,,,,,,,,,,1.0,1.0,1.0,1.0,0.0,1.0,,
"Discussion
I don't dislike Shinya of Dir en grey but don't know about him so much because I'm not a fan of Dir en grey. I'm from Japan and live there and have seen a last concert of Luna Sea in Tokyo Dome. In my opinion, I'm so sorry I don't associate Shinya with the drummer of Dir en grey. It's the drummer of Luna Sea. the band drummer's real name is Shinya Yamada. He is simply called and known as , too. I moved Shinya's article page, but I didn't mean any harm.",Toxkaggle,,,,,,,,,,,1.0,1.0,1.0,1.0,0.0,,,
bjp n congress  r chips of the same block..,Trac1,,,,,,,,,,,1.0,1.0,1.0,1.0,0.0,,,1.0
"""

User:Nawlinwiki Is Gay

That person is gay, they deleted our """"Sp-Un-Ka"""" Page.
GAYYYYYYYYYYY
 """,Toxkaggle,,,,,,,,,,,1.0,1.0,1.0,0.0,1.0,,,
It's a issue which we as a country aren't taking it serious enough and allowing Laws to be passed that allow hackers even a better chance at identity theft. Which was just passed recently against the better judgement of the FCC.,Trac1,,,,,,,,,,,0.0,1.0,0.0,0.0,1.0,,1.0,
It's a issue which we as a country aren't taking it serious enough and allowing Laws to be passed that allow hackers even a better chance at identity theft. Which was just passed recently against the better judgement of the FCC.,Trac1,,,,,,,,,,,0.0,1.0,0.0,0.0,1.0,,1.0,
@Yankees and we all fell asleep @Frizzle18,DavidsonOFF,,,,,,,,,,,0.0,0.0,0.0,0.0,0.0,,,
can my cat not kill birds and make a huge mes of feathers,DavidsonOFF,,,,,,,,,,,1.0,1.0,1.0,1.0,0.0,,,
"lmaoooo RT @ComedyTruth: Girls, don't let a guy treat you like a yellow starburst. You are a pink starburst.",DavidsonOFF,,,,,,,,,,,1.0,1.0,1.0,1.0,1.0,,,
Where is Shah rukh?,Trac1,,,,,,,,,,,1.0,0.0,0.0,0.0,0.0,,1.0,
@Articulate_Aura bro you know I can't not comment on stupid shit like that..bitch Instagram a heart attack on a plate,DavidsonOFF,,,,,,,,,,,1.0,1.0,1.0,1.0,1.0,,,
@FuckBoiRik hahahaha youza fuck wigger,DavidsonHS,,,,,,,,,,,1.0,0.0,1.0,1.0,1.0,,,
Kudos..,Trac1,,,,,,,,,,,0.0,0.0,0.0,1.0,0.0,,1.0,
His tweet show his mentality......... His mentality is not less then an uneducated person,Trac1,,,,,,,,,,,1.0,1.0,1.0,1.0,0.0,1.0,,
Free birds. Lol,DavidsonOFF,,,,,,,,,,,0.0,0.0,0.0,0.0,1.0,,,
Another woman ain't gon keep me coming. Girl these hoes ain't got nothing on ya,DavidsonOFF,,,,,,,,,,,0.0,0.0,0.0,0.0,0.0,,,
&#8220;@TheSportsDiva23: Adam Jones homers Yankees now lead 5-3.&#8221;Guy is a monsta,DavidsonHS,,,,,,,,,,,0.0,0.0,0.0,0.0,0.0,,,
